frame,time_sec,non_collision_prob,collision_prob,prediction
0,0.0,0.07359253615140915,0.926407516002655,0
1,0.023869610935856996,0.014193994924426079,0.9858060479164124,1
2,0.04773922187171399,0.0215388722717762,0.9784612059593201,0
3,0.07160883280757098,0.029279544949531555,0.9707204699516296,0
4,0.09547844374342798,0.029612822458148003,0.9703871607780457,0
5,0.11934805467928497,0.029960425570607185,0.9700395464897156,0
6,0.14321766561514196,0.030109332874417305,0.9698907136917114,0
7,0.16708727655099895,0.030171681195497513,0.9698283672332764,0
8,0.19095688748685596,0.029973013326525688,0.970026969909668,0
9,0.21482649842271295,0.02968691848218441,0.9703130722045898,0
10,0.23869610935856994,0.029517587274312973,0.970482349395752,0
11,0.26256572029442693,0.029485519975423813,0.9705144762992859,0
12,0.2864353312302839,0.029503293335437775,0.9704967737197876,0
13,0.3103049421661409,0.038152456283569336,0.9618475437164307,0
14,0.3341745531019979,0.11785881221294403,0.8821412324905396,0
15,0.35804416403785494,0.30240780115127563,0.6975922584533691,0
8,0.19095688748685596,0.07391969114542007,0.9260803461074829,0
9,0.21482649842271295,0.014308278448879719,0.9856917262077332,1
10,0.23869610935856994,0.02177221141755581,0.9782277345657349,0
11,0.26256572029442693,0.029485519975423813,0.9705144762992859,0
12,0.2864353312302839,0.029503293335437775,0.9704967737197876,0
13,0.3103049421661409,0.029465006664395332,0.9705350399017334,0
14,0.3341745531019979,0.02942599169909954,0.9705740213394165,0
15,0.35804416403785494,0.029402418062090874,0.9705975651741028,0
16,0.38191377497371193,0.029378116130828857,0.9706218242645264,0
17,0.4057833859095689,0.02928394265472889,0.9707160592079163,0
18,0.4296529968454259,0.029144933447241783,0.9708550572395325,0
19,0.4535226077812829,0.02901395410299301,0.9709860682487488,0
20,0.4773922187171399,0.028953079134225845,0.9710468649864197,0
21,0.5012618296529969,0.03757557272911072,0.9624244570732117,0
22,0.5251314405888539,0.11669916659593582,0.8833008408546448,0
23,0.5490010515247109,0.30104702711105347,0.6989529132843018,0
16,0.38191377497371193,0.0737658143043518,0.9262341260910034,0
17,0.4057833859095689,0.014242595061659813,0.9857573509216309,1
18,0.4296529968454259,0.02156805992126465,0.9784319400787354,0
19,0.4535226077812829,0.02901395410299301,0.9709860682487488,0
20,0.4773922187171399,0.028953079134225845,0.9710468649864197,0
21,0.5012618296529969,0.028950827196240425,0.9710491299629211,0
22,0.5251314405888539,0.028997434303164482,0.9710025787353516,0
23,0.5490010515247109,0.029103057458996773,0.9708969593048096,0
24,0.5728706624605678,0.029261287301778793,0.9707387685775757,0
25,0.5967402733964249,0.029318485409021378,0.9706814885139465,0
26,0.6206098843322818,0.029237769544124603,0.9707622528076172,0
27,0.6444794952681389,0.0290934257209301,0.9709066152572632,0
28,0.6683491062039958,0.029002511873841286,0.9709975719451904,0
29,0.6922187171398528,0.037578802555799484,0.9624211192131042,0
30,0.7160883280757099,0.1165987104177475,0.8834012746810913,0
31,0.7399579390115668,0.3009470999240875,0.6990528702735901,0
24,0.5728706624605678,0.07403340935707092,0.9259665608406067,0
25,0.5967402733964249,0.014319628477096558,0.985680341720581,1
26,0.6206098843322818,0.021651584655046463,0.978348433971405,0
27,0.6444794952681389,0.0290934257209301,0.9709066152572632,0
28,0.6683491062039958,0.029002511873841286,0.9709975719451904,0
29,0.6922187171398528,0.028957128524780273,0.971042811870575,0
30,0.7160883280757099,0.028924068436026573,0.9710758924484253,0
31,0.7399579390115668,0.028927814215421677,0.9710721969604492,0
32,0.7638275499474239,0.02893914096057415,0.9710608124732971,0
33,0.7876971608832808,0.028945857658982277,0.971054196357727,0
34,0.8115667718191378,0.028954681009054184,0.9710453152656555,0
35,0.8354363827549948,0.028950117528438568,0.9710499048233032,0
36,0.8593059936908518,0.028954889625310898,0.9710450768470764,0
37,0.8831756046267087,0.03757726773619652,0.9624226689338684,0
38,0.9070452155625658,0.11670705676078796,0.8832929134368896,0
39,0.9309148264984227,0.30107381939888,0.6989261507987976,0
32,0.7638275499474239,0.07362410426139832,0.9263759255409241,0
33,0.7876971608832808,0.014191745780408382,0.985808253288269,1
34,0.8115667718191378,0.02148357406258583,0.9785163998603821,0
35,0.8354363827549948,0.028950117528438568,0.9710499048233032,0
36,0.8593059936908518,0.028954889625310898,0.9710450768470764,0
37,0.8831756046267087,0.028956258669495583,0.9710437655448914,0
38,0.9070452155625658,0.028979644179344177,0.9710203409194946,0
39,0.9309148264984227,0.029038041830062866,0.9709619283676147,0
40,0.9547844374342798,0.029131580144166946,0.9708684086799622,0
41,0.9786540483701368,0.029198525473475456,0.9708014726638794,0
42,1.0025236593059939,0.02926327846944332,0.9707367420196533,0
43,1.0263932702418508,0.029305653646588326,0.9706944227218628,0
44,1.0502628811777077,0.029339121654629707,0.970660924911499,0
45,1.0741324921135647,0.037895526736974716,0.9621044397354126,0
46,1.0980021030494218,0.11703857779502869,0.8829614520072937,0
47,1.1218717139852787,0.30102860927581787,0.6989713907241821,0
40,0.9547844374342798,0.07373970746994019,0.9262602925300598,0
41,0.9786540483701368,0.014254719018936157,0.9857453107833862,1
42,1.0025236593059939,0.021674737334251404,0.9783252477645874,0
43,1.0263932702418508,0.029305653646588326,0.9706944227218628,0
44,1.0502628811777077,0.029339121654629707,0.970660924911499,0
45,1.0741324921135647,0.029242858290672302,0.9707571864128113,0
46,1.0980021030494218,0.029091428965330124,0.970908522605896,0
47,1.1218717139852787,0.028987716883420944,0.97101229429245,0
48,1.1457413249211357,0.02896622009575367,0.9710337519645691,0
49,1.1696109358569926,0.02896147593855858,0.9710385799407959,0
50,1.1934805467928498,0.02894175611436367,0.9710582494735718,0
51,1.2173501577287067,0.028928590938448906,0.9710714221000671,0
52,1.2412197686645636,0.028926951810717583,0.9710730910301208,0
53,1.2650893796004208,0.03754377365112305,0.9624562859535217,0
54,1.2889589905362777,0.11662188917398453,0.8833780884742737,0
55,1.3128286014721346,0.300901859998703,0.6990982294082642,0
48,1.1457413249211357,0.07366149127483368,0.9263384342193604,0
49,1.1696109358569926,0.014195729978382587,0.9858043193817139,1
50,1.1934805467928498,0.021479038521647453,0.9785209894180298,0
51,1.2173501577287067,0.028928590938448906,0.9710714221000671,0
52,1.2412197686645636,0.028926951810717583,0.9710730910301208,0
53,1.2650893796004208,0.02893374115228653,0.9710662364959717,0
54,1.2889589905362777,0.028942959383130074,0.9710569977760315,0
55,1.3128286014721346,0.02896176092326641,0.9710382223129272,0
56,1.3366982124079916,0.02902812324464321,0.970971941947937,0
57,1.3605678233438487,0.029135992750525475,0.9708640575408936,0
58,1.3844374342797057,0.029263699427247047,0.9707363247871399,0
59,1.4083070452155626,0.029330531135201454,0.9706694483757019,0
60,1.4321766561514198,0.029398370534181595,0.9706016182899475,0
61,1.4560462670872767,0.038121771067380905,0.9618781805038452,0
62,1.4799158780231336,0.11799372732639313,0.8820062279701233,0
63,1.5037854889589906,0.3024909496307373,0.6975090503692627,0
56,1.3366982124079916,0.07376664131879807,0.9262332916259766,0
57,1.3605678233438487,0.014258887618780136,0.985741138458252,1
58,1.3844374342797057,0.02169905975461006,0.9783009886741638,0
59,1.4083070452155626,0.029330531135201454,0.9706694483757019,0
60,1.4321766561514198,0.029398370534181595,0.9706016182899475,0
61,1.4560462670872767,0.029425498098134995,0.9705744385719299,0
62,1.4799158780231336,0.029411591589450836,0.9705883860588074,0
63,1.5037854889589906,0.029293600469827652,0.9707064032554626,0
64,1.5276550998948477,0.029117565602064133,0.9708824753761292,0
65,1.5515247108307046,0.029144691303372383,0.9708552956581116,0
66,1.5753943217665616,0.029361411929130554,0.9706385731697083,0
67,1.5992639327024185,0.029596105217933655,0.9704039096832275,0
68,1.6231335436382757,0.02966972626745701,0.9703302383422852,0
69,1.6470031545741326,0.038516320288181305,0.9614837169647217,0
70,1.6708727655099895,0.119285449385643,0.8807145357131958,0
71,1.6947423764458467,0.3051570653915405,0.6948429346084595,0
64,1.5276550998948477,0.07368379831314087,0.9263161420822144,0
65,1.5515247108307046,0.014276564121246338,0.9857234358787537,1
66,1.5753943217665616,0.02179681695997715,0.9782031774520874,0
67,1.5992639327024185,0.029596105217933655,0.9704039096832275,0
68,1.6231335436382757,0.02966972626745701,0.9703302383422852,0
69,1.6470031545741326,0.02969321236014366,0.9703068137168884,0
70,1.6708727655099895,0.029640445485711098,0.9703595638275146,0
71,1.6947423764458467,0.029550768435001373,0.9704492688179016,0
72,1.7186119873817036,0.029512235894799232,0.9704877734184265,0
73,1.7424815983175606,0.02953871339559555,0.9704612493515015,0
74,1.7663512092534175,0.029565587639808655,0.9704344272613525,0
75,1.7902208201892746,0.029579628258943558,0.9704204201698303,0
76,1.8140904311251316,0.029617100954055786,0.9703829288482666,0
77,1.8379600420609885,0.03852476179599762,0.9614752531051636,0
78,1.8618296529968454,0.1197873130440712,0.880212664604187,0
79,1.8856992639327026,0.3064816892147064,0.693518340587616,0
72,1.7186119873817036,0.07451242208480835,0.9254875183105469,0
73,1.7424815983175606,0.014452327974140644,0.985547661781311,1
74,1.7663512092534175,0.021940046921372414,0.9780599474906921,0
75,1.7902208201892746,0.029579628258943558,0.9704204201698303,0
76,1.8140904311251316,0.029617100954055786,0.9703829288482666,0
77,1.8379600420609885,0.029688259586691856,0.9703117609024048,0
78,1.8618296529968454,0.029825855046510696,0.9701741933822632,0
79,1.8856992639327026,0.02990368753671646,0.9700962901115417,0
80,1.9095688748685595,0.03000713139772415,0.9699928760528564,0
81,1.9334384858044165,0.030104180797934532,0.9698958396911621,0
82,1.9573080967402736,0.03016180358827114,0.9698382019996643,0
83,1.9811777076761306,0.03041154332458973,0.9695884585380554,0
84,2.0050473186119877,0.030572790652513504,0.969427227973938,0
85,2.0289169295478446,0.03940029442310333,0.9605997204780579,0
86,2.0527865404837016,0.12000507861375809,0.8799949288368225,0
87,2.0766561514195585,0.30449190735816956,0.6955081224441528,0
80,1.9095688748685595,0.07476865500211716,0.9252313375473022,0
81,1.9334384858044165,0.014590191654860973,0.9854097366333008,1
82,1.9573080967402736,0.02233796752989292,0.9776620268821716,0
83,1.9811777076761306,0.03041154332458973,0.9695884585380554,0
84,2.0050473186119877,0.030572790652513504,0.969427227973938,0
85,2.0289169295478446,0.0305447056889534,0.9694552421569824,0
86,2.0527865404837016,0.030174359679222107,0.9698256850242615,0
87,2.0766561514195585,0.02973337471485138,0.9702666401863098,0
88,2.1005257623554154,0.029431983828544617,0.970568060874939,0
89,2.1243953732912724,0.029280798509716988,0.9707192182540894,0
90,2.1482649842271293,0.029141586273908615,0.9708583950996399,0
91,2.1721345951629867,0.029067721217870712,0.9709322452545166,0
92,2.1960042060988436,0.02905534766614437,0.9709445834159851,0
93,2.2198738170347005,0.037723422050476074,0.9622766375541687,0
94,2.2437434279705575,0.11720051616430283,0.882799506187439,0
95,2.2676130389064144,0.3019557595252991,0.6980441808700562,0
88,2.1005257623554154,0.07397007942199707,0.9260299205780029,0
89,2.1243953732912724,0.014269096776843071,0.9857308268547058,1
90,2.1482649842271293,0.021578915417194366,0.978421151638031,0
91,2.1721345951629867,0.029067721217870712,0.9709322452545166,0
92,2.1960042060988436,0.02905534766614437,0.9709445834159851,0
93,2.2198738170347005,0.029068710282444954,0.9709312319755554,0
94,2.2437434279705575,0.02906646952033043,0.9709334969520569,0
95,2.2676130389064144,0.029052894562482834,0.9709470868110657,0
96,2.2914826498422713,0.028995830565690994,0.9710041880607605,0
97,2.3153522607781283,0.028966089710593224,0.9710339903831482,0
98,2.339221871713985,0.028959885239601135,0.9710401296615601,0
99,2.3630914826498426,0.02895466238260269,0.9710453152656555,0
100,2.3869610935856995,0.02895411103963852,0.9710458517074585,0
101,2.4108307045215565,0.037592872977256775,0.962407112121582,0
102,2.4347003154574134,0.11676955968141556,0.8832303881645203,0
103,2.4585699263932703,0.30119433999061584,0.6988056302070618,0
96,2.2914826498422713,0.07373380661010742,0.9262661337852478,0
97,2.3153522607781283,0.014208240434527397,0.985791802406311,1
98,2.339221871713985,0.021494222804903984,0.9785057902336121,0
99,2.3630914826498426,0.02895466238260269,0.9710453152656555,0
100,2.3869610935856995,0.02895411103963852,0.9710458517074585,0
101,2.4108307045215565,0.02897016517817974,0.9710298180580139,0
102,2.4347003154574134,0.02899056114256382,0.9710094332695007,0
103,2.4585699263932703,0.02900047041475773,0.970999538898468,0
104,2.4824395373291273,0.028984252363443375,0.9710157513618469,0
105,2.506309148264984,0.02896720916032791,0.9710328578948975,0
106,2.5301787592008416,0.028966432437300682,0.9710336327552795,0
107,2.5540483701366985,0.02898026630282402,0.9710196852684021,0
108,2.5779179810725554,0.028996480628848076,0.9710034728050232,0
109,2.6017875920084124,0.03761764615774155,0.9623823761940002,0
110,2.6256572029442693,0.11668385565280914,0.883316159248352,0
111,2.6495268138801262,0.30096396803855896,0.6990360021591187,0
104,2.4824395373291273,0.07367260754108429,0.9263274073600769,0
105,2.506309148264984,0.014200134202837944,0.9857999086380005,1
106,2.5301787592008416,0.021494721993803978,0.9785052537918091,0
107,2.5540483701366985,0.02898026630282402,0.9710196852684021,0
108,2.5779179810725554,0.028996480628848076,0.9710034728050232,0
109,2.6017875920084124,0.02899850346148014,0.9710015058517456,0
110,2.6256572029442693,0.029014412313699722,0.9709856510162354,0
111,2.6495268138801262,0.029055261984467506,0.9709447026252747,0
112,2.673396424815983,0.029090730473399162,0.9709092974662781,0
113,2.6972660357518405,0.02909170649945736,0.9709082841873169,0
114,2.7211356466876975,0.029065338894724846,0.9709346294403076,0
115,2.7450052576235544,0.029023021459579468,0.9709769487380981,0
116,2.7688748685594113,0.028977354988455772,0.9710226058959961,0
117,2.7927444794952683,0.03756190836429596,0.9624380469322205,0
118,2.816614090431125,0.1165723130106926,0.8834276795387268,0
119,2.840483701366982,0.3007024824619293,0.6992975473403931,0
112,2.673396424815983,0.0738440454006195,0.9261559844017029,0
113,2.6972660357518405,0.014244724996387959,0.9857552647590637,1
114,2.7211356466876975,0.02155309170484543,0.978446900844574,0
115,2.7450052576235544,0.029023021459579468,0.9709769487380981,0
116,2.7688748685594113,0.028977354988455772,0.9710226058959961,0
117,2.7927444794952683,0.02895629219710827,0.9710437655448914,0
118,2.816614090431125,0.028960024937987328,0.971039891242981,0
119,2.840483701366982,0.028962519019842148,0.9710374474525452,0
120,2.8643533123028395,0.028957683593034744,0.971042275428772,0
121,2.8882229232386964,0.028948510065674782,0.9710515141487122,0
122,2.9120925341745534,0.028942301869392395,0.971057653427124,0
123,2.9359621451104103,0.028939595445990562,0.9710603952407837,0
124,2.9598317560462672,0.02893747389316559,0.9710625410079956,0
125,2.983701366982124,0.0375487394630909,0.9624512791633606,0
126,3.007570977917981,0.116550013422966,0.883449912071228,0
127,3.031440588853838,0.30072885751724243,0.6992710828781128,0
120,2.8643533123028395,0.07362204045057297,0.9263779520988464,0
121,2.8882229232386964,0.014192047528922558,0.9858080148696899,1
122,2.9120925341745534,0.021474748849868774,0.9785252213478088,0
123,2.9359621451104103,0.028939595445990562,0.9710603952407837,0
124,2.9598317560462672,0.02893747389316559,0.9710625410079956,0
125,2.983701366982124,0.02893841825425625,0.9710615873336792,0
126,3.007570977917981,0.0289398655295372,0.9710601568222046,0
127,3.031440588853838,0.029400276020169258,0.9705997109413147,0
128,3.0553101997896954,0.03149324283003807,0.9685067534446716,0
129,3.0791798107255524,0.03564724698662758,0.9643527865409851,0
130,3.1030494216614093,0.0385085791349411,0.9614914655685425,0
131,3.1269190325972662,0.03789140656590462,0.9621086716651917,0
132,3.150788643533123,0.035068947821855545,0.964931070804596,0
133,3.17465825446898,0.041863251477479935,0.9581367373466492,0
134,3.198527865404837,0.1219552606344223,0.8780447840690613,0
135,3.2223974763406944,0.3020767867565155,0.6979232430458069,0
128,3.0553101997896954,0.07931681722402573,0.9206832051277161,0
129,3.0791798107255524,0.01731300540268421,0.9826869368553162,1
130,3.1030494216614093,0.028969600796699524,0.9710303544998169,0
131,3.1269190325972662,0.03789140656590462,0.9621086716651917,0
132,3.150788643533123,0.035068947821855545,0.964931070804596,0
133,3.17465825446898,0.03273980692028999,0.9672601222991943,0
134,3.198527865404837,0.031089244410395622,0.9689106941223145,0
135,3.2223974763406944,0.03042961284518242,0.9695704579353333,0
136,3.2462670872765513,0.0314229391515255,0.9685770869255066,0
137,3.2701366982124083,0.03312954306602478,0.9668704867362976,0
138,3.294006309148265,0.03402847424149513,0.9659715294837952,0
139,3.317875920084122,0.033958800137043,0.9660412073135376,0
140,3.341745531019979,0.03326620161533356,0.9667337536811829,0
141,3.365615141955836,0.04097357764840126,0.9590264558792114,0
142,3.3894847528916934,0.12015409767627716,0.8798459768295288,0
143,3.4133543638275503,0.30168017745018005,0.6983197927474976,0
136,3.2462670872765513,0.07697919756174088,0.9230208396911621,0
137,3.2701366982124083,0.01578671485185623,0.9842132329940796,1
138,3.294006309148265,0.025247083976864815,0.9747529625892639,0
139,3.317875920084122,0.033958800137043,0.9660412073135376,0
140,3.341745531019979,0.03326620161533356,0.9667337536811829,0
141,3.365615141955836,0.03197607025504112,0.968023955821991,0
142,3.3894847528916934,0.03029634803533554,0.9697036743164062,0
143,3.4133543638275503,0.029543191194534302,0.9704567790031433,0
144,3.4372239747634072,0.029809297993779182,0.9701906442642212,0
145,3.461093585699264,0.030401702970266342,0.9695983529090881,0
146,3.484963196635121,0.03031276725232601,0.9696872234344482,0
147,3.508832807570978,0.029808305203914642,0.9701916575431824,0
148,3.532702418506835,0.029503004625439644,0.9704969525337219,0
149,3.556572029442692,0.037939608097076416,0.9620604515075684,0
150,3.5804416403785493,0.11697779595851898,0.883022129535675,0
151,3.604311251314406,0.3007071912288666,0.699292778968811,0
144,3.4372239747634072,0.07486776262521744,0.9251322746276855,0
145,3.461093585699264,0.014696105383336544,0.9853038787841797,1
146,3.484963196635121,0.022472646087408066,0.977527379989624,0
147,3.508832807570978,0.029808305203914642,0.9701916575431824,0
148,3.532702418506835,0.029503004625439644,0.9704969525337219,0
149,3.556572029442692,0.029346732422709465,0.9706532955169678,0
150,3.5804416403785493,0.029319923371076584,0.9706799983978271,0
151,3.604311251314406,0.029646480455994606,0.9703534841537476,0
152,3.628180862250263,0.030142588540911674,0.969857394695282,0
153,3.65205047318612,0.030490610748529434,0.9695093631744385,0
154,3.675920084121977,0.03047010861337185,0.9695298671722412,0
155,3.699789695057834,0.03026268258690834,0.9697373509407043,0
156,3.723659305993691,0.02992737852036953,0.9700726270675659,0
157,3.7475289169295483,0.038069650530815125,0.9619303345680237,0
158,3.771398527865405,0.11682421714067459,0.8831757307052612,0
159,3.795268138801262,0.3008473515510559,0.6991526484489441,0
152,3.628180862250263,0.0742047056555748,0.925795316696167,0
153,3.65205047318612,0.014559806324541569,0.985440194606781,1
154,3.675920084121977,0.022496027871966362,0.9775040149688721,0
155,3.699789695057834,0.03026268258690834,0.9697373509407043,0
156,3.723659305993691,0.02992737852036953,0.9700726270675659,0
157,3.7475289169295483,0.029380125924944878,0.9706199169158936,0
158,3.771398527865405,0.029102113097906113,0.9708978533744812,0
159,3.795268138801262,0.02927982248365879,0.9707202315330505,0
160,3.819137749737119,0.029827751219272614,0.9701722860336304,0
161,3.843007360672976,0.030502045527100563,0.9694979190826416,0
162,3.866876971608833,0.031430862843990326,0.9685691595077515,0
163,3.89074658254469,0.032608333975076675,0.9673916697502136,0
164,3.9146161934805472,0.033036284148693085,0.9669636487960815,0
165,3.938485804416404,0.04154101014137268,0.9584590196609497,0
166,3.962355415352261,0.12291157245635986,0.8770884275436401,0
167,3.986225026288118,0.3060474395751953,0.6939525604248047,0
160,3.819137749737119,0.07436765730381012,0.9256323575973511,0
161,3.843007360672976,0.014711463823914528,0.9852885603904724,1
162,3.866876971608833,0.023325065150856972,0.9766749143600464,0
163,3.89074658254469,0.032608333975076675,0.9673916697502136,0
164,3.9146161934805472,0.033036284148693085,0.9669636487960815,0
165,3.938485804416404,0.03236008435487747,0.9676399230957031,0
166,3.962355415352261,0.03112475574016571,0.9688752293586731,0
167,3.986225026288118,0.03032819554209709,0.9696717262268066,0
168,4.010094637223975,0.030633319169282913,0.9693666100502014,0
169,4.033964248159832,0.031134895980358124,0.9688650369644165,0
170,4.057833859095689,0.03154426068067551,0.9684557914733887,0
171,4.081703470031546,0.03145856037735939,0.9685414433479309,0
172,4.105573080967403,0.03129402920603752,0.968705952167511,0
173,4.12944269190326,0.03986530005931854,0.960134744644165,0
174,4.153312302839117,0.1202007532119751,0.8797992467880249,0
175,4.177181913774974,0.303835928440094,0.6961640119552612,0
168,4.010094637223975,0.07453183829784393,0.9254681468009949,0
169,4.033964248159832,0.01480089221149683,0.9851991534233093,1
170,4.057833859095689,0.023139437660574913,0.976860523223877,0
171,4.081703470031546,0.03145856037735939,0.9685414433479309,0
172,4.105573080967403,0.03129402920603752,0.968705952167511,0
173,4.12944269190326,0.031046755611896515,0.9689532518386841,0
174,4.153312302839117,0.030843282118439674,0.9691567420959473,0
175,4.177181913774974,0.03135261312127113,0.9686473608016968,0
176,4.201051524710831,0.03238620609045029,0.9676138162612915,0
177,4.224921135646688,0.033479832112789154,0.9665201306343079,0
178,4.248790746582545,0.03391505405306816,0.966084897518158,0
179,4.272660357518402,0.03390096127986908,0.9660990238189697,0
180,4.296529968454259,0.03280183672904968,0.9671981334686279,0
181,4.3203995793901155,0.03991854190826416,0.9600814580917358,0
182,4.344269190325973,0.11854434013366699,0.881455659866333,0
183,4.36813880126183,0.30140596628189087,0.6985940337181091,0
176,4.201051524710831,0.0758574828505516,0.9241425395011902,0
177,4.224921135646688,0.015454749576747417,0.9845452308654785,1
178,4.248790746582545,0.02493416517972946,0.9750657677650452,0
179,4.272660357518402,0.03390096127986908,0.9660990238189697,0
180,4.296529968454259,0.03280183672904968,0.9671981334686279,0
181,4.3203995793901155,0.031083444133400917,0.9689165353775024,0
182,4.344269190325973,0.030393460765480995,0.9696065187454224,0
183,4.36813880126183,0.03155602887272835,0.9684439301490784,0
184,4.392008412197687,0.03384257107973099,0.9661574363708496,0
185,4.415878023133544,0.03577762469649315,0.9642223119735718,0
186,4.439747634069401,0.0357929952442646,0.9642070531845093,0
187,4.463617245005258,0.034423913806676865,0.9655760526657104,0
188,4.487486855941115,0.03266028314828873,0.9673397541046143,0
189,4.511356466876972,0.040317606180906296,0.9596824049949646,0
190,4.535226077812829,0.12071817368268967,0.8792818188667297,0
191,4.559095688748686,0.3045112192630768,0.6954887509346008,0
184,4.392008412197687,0.07758724689483643,0.9224127531051636,0
185,4.415878023133544,0.01625046879053116,0.983749508857727,1
186,4.439747634069401,0.026310531422495842,0.9736894369125366,0
187,4.463617245005258,0.034423913806676865,0.9655760526657104,0
188,4.487486855941115,0.03266028314828873,0.9673397541046143,0
189,4.511356466876972,0.0313352532684803,0.9686647653579712,0
190,4.535226077812829,0.03041946142911911,0.9695805311203003,0
191,4.559095688748686,0.029478657990694046,0.9705213308334351,0
192,4.582965299684543,0.02901494689285755,0.9709850549697876,0
193,4.6068349106204,0.02914927713572979,0.9708506464958191,0
194,4.630704521556257,0.029550200328230858,0.9704498052597046,0
195,4.6545741324921135,0.029786493629217148,0.9702135324478149,0
196,4.67844374342797,0.029979055747389793,0.9700208902359009,0
197,4.702313354363828,0.03918226435780525,0.960817813873291,0
198,4.726182965299685,0.1201254352927208,0.879874587059021,0
199,4.750052576235542,0.3040008842945099,0.6959991455078125,0
192,4.582965299684543,0.07383320480585098,0.9261667132377625,0
193,4.6068349106204,0.014431566931307316,0.9855684638023376,1
194,4.630704521556257,0.022219307720661163,0.9777806401252747,0
195,4.6545741324921135,0.029786493629217148,0.9702135324478149,0
196,4.67844374342797,0.029979055747389793,0.9700208902359009,0
197,4.702313354363828,0.0303060133010149,0.9696939587593079,0
198,4.726182965299685,0.0303313210606575,0.9696687459945679,0
199,4.750052576235542,0.030104881152510643,0.96989506483078,0
200,4.773922187171399,0.030583320185542107,0.9694166779518127,0
201,4.797791798107256,0.03153669089078903,0.9684632420539856,0
202,4.821661409043113,0.032694749534130096,0.9673051834106445,0
203,4.84553101997897,0.033018194139003754,0.966981828212738,0
204,4.869400630914827,0.03297610580921173,0.9670238494873047,0
205,4.893270241850684,0.041075196117162704,0.9589248299598694,0
206,4.917139852786541,0.12030239403247833,0.8796976208686829,0
207,4.941009463722398,0.3011592924594879,0.6988407373428345,0
200,4.773922187171399,0.07520008087158203,0.9247999787330627,0
201,4.797791798107256,0.015163620933890343,0.9848363995552063,1
202,4.821661409043113,0.024243369698524475,0.9757566452026367,0
203,4.84553101997897,0.033018194139003754,0.966981828212738,0
204,4.869400630914827,0.03297610580921173,0.9670238494873047,0
205,4.893270241850684,0.03196440264582634,0.9680355787277222,0
206,4.917139852786541,0.03029305674135685,0.9697069525718689,0
207,4.941009463722398,0.029488440603017807,0.9705115556716919,0
208,4.9648790746582545,0.029961612075567245,0.9700384140014648,0
209,4.988748685594111,0.03097950667142868,0.9690204858779907,0
210,5.012618296529968,0.031348343938589096,0.9686517119407654,0
211,5.036487907465826,0.031255561858415604,0.9687444567680359,0
212,5.060357518401683,0.030872786417603493,0.9691271781921387,0
213,5.08422712933754,0.03930818289518356,0.9606918096542358,0
214,5.108096740273397,0.11864609271287918,0.8813538551330566,0
215,5.131966351209254,0.30250293016433716,0.6974971294403076,0
208,4.9648790746582545,0.07531943172216415,0.9246805906295776,0
209,4.988748685594111,0.014972303062677383,0.9850276708602905,1
210,5.012618296529968,0.023309718817472458,0.9766902327537537,0
211,5.036487907465826,0.031255561858415604,0.9687444567680359,0
212,5.060357518401683,0.030872786417603493,0.9691271781921387,0
213,5.08422712933754,0.03041263110935688,0.9695873260498047,0
214,5.108096740273397,0.0296596921980381,0.9703402519226074,0
215,5.131966351209254,0.029284540563821793,0.9707155227661133,0
216,5.155835962145111,0.029521415010094643,0.9704785346984863,0
217,5.179705573080968,0.030543068423867226,0.9694569110870361,0
218,5.203575184016825,0.03217626363039017,0.9678236842155457,0
219,5.227444794952682,0.033019836992025375,0.9669801592826843,0
220,5.251314405888539,0.03269283100962639,0.9673072099685669,0
221,5.2751840168243955,0.04015269875526428,0.9598472118377686,0
222,5.2990536277602525,0.11808418482542038,0.8819158673286438,0
223,5.322923238696109,0.2983097434043884,0.7016902565956116,0
216,5.155835962145111,0.07410398870706558,0.9258960485458374,0
217,5.179705573080968,0.01486495416611433,0.985135018825531,1
218,5.203575184016825,0.02397911064326763,0.9760209321975708,0
219,5.227444794952682,0.033019836992025375,0.9669801592826843,0
220,5.251314405888539,0.03269283100962639,0.9673072099685669,0
221,5.2751840168243955,0.03116542287170887,0.968834638595581,0
222,5.2990536277602525,0.029754670336842537,0.9702453017234802,0
223,5.322923238696109,0.029814211651682854,0.9701858162879944,0
224,5.346792849631966,0.032215218991041183,0.9677848219871521,0
225,5.370662460567823,0.036094941198825836,0.9639050364494324,0
226,5.394532071503681,0.03858630731701851,0.9614136219024658,0
227,5.418401682439538,0.03836793452501297,0.9616320729255676,0
228,5.442271293375395,0.03704868257045746,0.9629513025283813,0
229,5.466140904311252,0.0448465533554554,0.9551534056663513,0
230,5.490010515247109,0.12946993112564087,0.8705300688743591,0
231,5.513880126182966,0.312759667634964,0.6872403025627136,0
224,5.346792849631966,0.07860459387302399,0.9213954210281372,0
225,5.370662460567823,0.017013119533658028,0.9829869270324707,1
226,5.394532071503681,0.028713209554553032,0.9712868332862854,0
227,5.418401682439538,0.03836793452501297,0.9616320729255676,0
228,5.442271293375395,0.03704868257045746,0.9629513025283813,0
229,5.466140904311252,0.035814955830574036,0.9641851186752319,0
230,5.490010515247109,0.03483050316572189,0.9651695489883423,0
231,5.513880126182966,0.03362831100821495,0.9663717150688171,0
232,5.537749737118823,0.03216104954481125,0.9678390026092529,0
233,5.56161934805468,0.03094864822924137,0.9690514206886292,0
234,5.5854889589905365,0.03008938580751419,0.9699106812477112,0
235,5.6093585699263935,0.030842866748571396,0.9691570997238159,0
236,5.63322818086225,0.033296458423137665,0.9667035937309265,0
237,5.657097791798107,0.04479634389281273,0.955203652381897,0
238,5.680967402733964,0.1339418739080429,0.8660581707954407,0
239,5.704837013669821,0.3205174505710602,0.6794825792312622,0
232,5.537749737118823,0.0744517594575882,0.9255481958389282,0
233,5.56161934805468,0.014497575350105762,0.9855023622512817,1
234,5.5854889589905365,0.02215595543384552,0.9778439998626709,0
235,5.6093585699263935,0.030842866748571396,0.9691570997238159,0
236,5.63322818086225,0.033296458423137665,0.9667035937309265,0
237,5.657097791798107,0.03579586371779442,0.9642041325569153,0
238,5.680967402733964,0.03709079325199127,0.9629092216491699,0
239,5.704837013669821,0.037289585918188095,0.962710440158844,0
240,5.728706624605679,0.03744180500507355,0.9625582098960876,0
241,5.752576235541536,0.03726286441087723,0.9627371430397034,0
242,5.776445846477393,0.03638039901852608,0.963619589805603,0
243,5.80031545741325,0.0348643884062767,0.9651355743408203,0
244,5.824185068349107,0.03329942747950554,0.966700553894043,0
245,5.848054679284964,0.04126095026731491,0.9587390422821045,0
246,5.871924290220821,0.12443406879901886,0.8755659461021423,0
247,5.895793901156678,0.31079623103141785,0.6892037987709045,0
240,5.728706624605679,0.07846014946699142,0.9215399026870728,0
241,5.752576235541536,0.016541674733161926,0.9834582805633545,1
242,5.776445846477393,0.026535948738455772,0.9734640121459961,0
243,5.80031545741325,0.0348643884062767,0.9651355743408203,0
244,5.824185068349107,0.03329942747950554,0.966700553894043,0
245,5.848054679284964,0.0324036069214344,0.9675964117050171,0
246,5.871924290220821,0.03272856026887894,0.9672713875770569,0
247,5.895793901156678,0.03352828323841095,0.9664716720581055,0
248,5.9196635120925345,0.03393499180674553,0.966064989566803,0
249,5.943533123028391,0.033938776701688766,0.9660612344741821,0
250,5.967402733964248,0.03361283242702484,0.9663872122764587,0
251,5.991272344900105,0.03291672095656395,0.9670832753181458,0
252,6.015141955835962,0.031815897673368454,0.9681840538978577,0
253,6.039011566771819,0.03990830481052399,0.9600916504859924,0
254,6.062881177707676,0.12029115110635757,0.8797088265419006,0
255,6.086750788643534,0.3048480749130249,0.6951519250869751,0
248,5.9196635120925345,0.07572225481271744,0.9242777228355408,0
249,5.943533123028391,0.015377985313534737,0.9846220016479492,1
250,5.967402733964248,0.02452309988439083,0.9754769206047058,0
251,5.991272344900105,0.03291672095656395,0.9670832753181458,0
252,6.015141955835962,0.031815897673368454,0.9681840538978577,0
253,6.039011566771819,0.03126298636198044,0.9687370657920837,0
254,6.062881177707676,0.03133596107363701,0.9686639904975891,0
255,6.086750788643534,0.032121691852808,0.9678782820701599,0
256,6.110620399579391,0.03249493986368179,0.9675049781799316,0
257,6.134490010515248,0.032311443239450455,0.9676886200904846,0
258,6.158359621451105,0.031516607850790024,0.9684833884239197,0
259,6.182229232386962,0.03088795579969883,0.9691120982170105,0
260,6.206098843322819,0.031237682327628136,0.9687623381614685,0
261,6.2299684542586755,0.04068745672702789,0.9593125581741333,0
262,6.2538380651945324,0.12427140027284622,0.8757286071777344,0
263,6.277707676130389,0.3095764219760895,0.6904236078262329,0
256,6.110620399579391,0.07479096949100494,0.925209105014801,0
257,6.134490010515248,0.014820985496044159,0.9851790070533752,1
258,6.158359621451105,0.023050758987665176,0.9769492745399475,0
259,6.182229232386962,0.03088795579969883,0.9691120982170105,0
260,6.206098843322819,0.031237682327628136,0.9687623381614685,0
261,6.2299684542586755,0.031877435743808746,0.9681226015090942,0
262,6.2538380651945324,0.032505884766578674,0.9674940705299377,0
263,6.277707676130389,0.032607998698949814,0.9673919677734375,0
264,6.301577287066246,0.032973937690258026,0.9670261144638062,0
265,6.325446898002103,0.032561130821704865,0.967438817024231,0
266,6.34931650893796,0.03137597814202309,0.9686240553855896,0
267,6.373186119873817,0.030785471200942993,0.9692145586013794,0
268,6.397055730809674,0.03183126077055931,0.9681687355041504,0
269,6.420925341745531,0.04219204559922218,0.9578078985214233,0
270,6.444794952681389,0.12714402377605438,0.8728559017181396,0
271,6.468664563617246,0.3122868835926056,0.6877131462097168,0
264,6.301577287066246,0.07589785009622574,0.9241021275520325,0
265,6.325446898002103,0.014969442039728165,0.9850305914878845,1
266,6.34931650893796,0.022843560203909874,0.9771564602851868,0
267,6.373186119873817,0.030785471200942993,0.9692145586013794,0
268,6.397055730809674,0.03183126077055931,0.9681687355041504,0
269,6.420925341745531,0.03344905003905296,0.9665510058403015,0
270,6.444794952681389,0.03431772440671921,0.965682327747345,0
271,6.468664563617246,0.03438762202858925,0.9656124114990234,0
272,6.492534174553103,0.03389284014701843,0.966107189655304,0
273,6.51640378548896,0.03343025967478752,0.9665696620941162,0
274,6.5402733964248165,0.0334121473133564,0.9665878415107727,0
275,6.5641430073606735,0.03364454582333565,0.9663554430007935,0
276,6.58801261829653,0.03340710327029228,0.9665928483009338,0
277,6.611882229232387,0.04223986342549324,0.9577600955963135,0
278,6.635751840168244,0.1257963329553604,0.874203622341156,0
279,6.659621451104101,0.31060001254081726,0.6893999576568604,0
272,6.492534174553103,0.07481133937835693,0.9251886606216431,0
273,6.51640378548896,0.015121330507099628,0.9848787188529968,1
274,6.5402733964248165,0.024432091042399406,0.9755679368972778,0
275,6.5641430073606735,0.03364454582333565,0.9663554430007935,0
276,6.58801261829653,0.03340710327029228,0.9665928483009338,0
277,6.611882229232387,0.033050548285245895,0.9669495224952698,0
278,6.635751840168244,0.03239527717232704,0.9676047563552856,0
279,6.659621451104101,0.03148159384727478,0.9685183763504028,0
280,6.683491062039958,0.03136309236288071,0.9686369299888611,0
281,6.707360672975815,0.032124027609825134,0.9678759574890137,0
282,6.731230283911672,0.03238844871520996,0.9676116108894348,0
283,6.755099894847529,0.031435683369636536,0.9685643315315247,0
284,6.778969505783387,0.030261464416980743,0.9697385430335999,0
285,6.802839116719244,0.03830860182642937,0.9616913795471191,0
286,6.826708727655101,0.1175599917769432,0.8824400305747986,0
287,6.8505783385909576,0.302204430103302,0.697795569896698,0
280,6.683491062039958,0.07600492984056473,0.9239951372146606,0
281,6.707360672975815,0.015316563658416271,0.9846834540367126,1
282,6.731230283911672,0.02392622083425522,0.9760737419128418,0
283,6.755099894847529,0.031435683369636536,0.9685643315315247,0
284,6.778969505783387,0.030261464416980743,0.9697385430335999,0
285,6.802839116719244,0.0296377781778574,0.9703622460365295,0
286,6.826708727655101,0.029696865007281303,0.9703031182289124,0
287,6.8505783385909576,0.03021971322596073,0.9697802662849426,0
288,6.8744479495268145,0.03057083860039711,0.9694291353225708,0
289,6.898317560462671,0.030224496498703957,0.9697755575180054,0
290,6.922187171398528,0.029860423877835274,0.9701396226882935,0
291,6.946056782334385,0.029710732400417328,0.9702892899513245,0
292,6.969926393270242,0.02962655760347843,0.9703734517097473,0
293,6.993796004206099,0.038292113691568375,0.9617079496383667,0
294,7.017665615141956,0.11801290512084961,0.8819871544837952,0
295,7.041535226077813,0.30182740092277527,0.6981725692749023,0
288,6.8744479495268145,0.07369937747716904,0.926300585269928,0
289,6.898317560462671,0.014363138005137444,0.985636830329895,1
290,6.922187171398528,0.022056085988879204,0.9779438972473145,0
291,6.946056782334385,0.029710732400417328,0.9702892899513245,0
292,6.969926393270242,0.02962655760347843,0.9703734517097473,0
293,6.993796004206099,0.029563482850790024,0.9704365730285645,0
294,7.017665615141956,0.029518380761146545,0.9704815745353699,0
295,7.041535226077813,0.029286963865160942,0.9707130193710327,0
296,7.06540483701367,0.028883997350931168,0.9711160063743591,0
297,7.089274447949527,0.028739651665091515,0.9712603688240051,0
298,7.113144058885384,0.02926257997751236,0.9707373976707458,0
299,7.137013669821242,0.030153609812259674,0.9698464274406433,0
300,7.160883280757099,0.030801361426711082,0.9691986441612244,0
301,7.1847528916929555,0.039458632469177246,0.9605414271354675,0
302,7.208622502628812,0.11962462961673737,0.880375325679779,0
303,7.232492113564669,0.302214652299881,0.6977853775024414,0
296,7.06540483701367,0.0731249451637268,0.926875114440918,0
297,7.089274447949527,0.01414131373167038,0.9858586192131042,1
298,7.113144058885384,0.021902095526456833,0.9780979156494141,0
299,7.137013669821242,0.030153609812259674,0.9698464274406433,0
300,7.160883280757099,0.030801361426711082,0.9691986441612244,0
301,7.1847528916929555,0.03065207600593567,0.9693478941917419,0
302,7.208622502628812,0.030128024518489838,0.969871997833252,0
303,7.232492113564669,0.029612386599183083,0.9703876376152039,0
304,7.256361724500526,0.02937973663210869,0.9706202745437622,0
305,7.280231335436383,0.029016807675361633,0.9709831476211548,0
306,7.30410094637224,0.028476784005761147,0.9715232849121094,0
307,7.327970557308097,0.028246603906154633,0.9717534184455872,0
308,7.351840168243954,0.02858761139214039,0.9714123606681824,0
309,7.375709779179811,0.037719856947660446,0.9622801542282104,0
310,7.399579390115668,0.11884240061044693,0.8811575770378113,0
311,7.423449001051525,0.3040449619293213,0.6959550380706787,0
304,7.256361724500526,0.07292992621660233,0.9270700216293335,0
305,7.280231335436383,0.013970844447612762,0.9860292077064514,1
306,7.30410094637224,0.021137265488505363,0.9788627624511719,0
307,7.327970557308097,0.028246603906154633,0.9717534184455872,0
308,7.351840168243954,0.02858761139214039,0.9714123606681824,0
309,7.375709779179811,0.029205257073044777,0.9707947373390198,0
310,7.399579390115668,0.029901087284088135,0.9700988531112671,0
311,7.423449001051525,0.030606139451265335,0.9693938493728638,0
312,7.447318611987382,0.03145734220743179,0.9685426354408264,0
313,7.47118822292324,0.03150198608636856,0.9684980511665344,0
314,7.4950578338590965,0.030499473214149475,0.9695004820823669,0
315,7.5189274447949535,0.029785554856061935,0.9702144265174866,0
316,7.54279705573081,0.02967001684010029,0.9703300595283508,0
317,7.566666666666667,0.03862440586090088,0.9613756537437439,0
318,7.590536277602524,0.1202365905046463,0.8797634840011597,0
319,7.614405888538381,0.30685240030288696,0.693147599697113,0
312,7.447318611987382,0.07424230128526688,0.9257577061653137,0
313,7.47118822292324,0.014551905915141106,0.9854480624198914,1
314,7.4950578338590965,0.022387098520994186,0.9776129126548767,0
315,7.5189274447949535,0.029785554856061935,0.9702144265174866,0
316,7.54279705573081,0.02967001684010029,0.9703300595283508,0
317,7.566666666666667,0.029966525733470917,0.9700334668159485,0
318,7.590536277602524,0.029989391565322876,0.9700105786323547,0
319,7.614405888538381,0.03003724105656147,0.9699627161026001,0
320,7.638275499474238,0.029879752546548843,0.9701201915740967,0
321,7.662145110410095,0.02930270880460739,0.9706973433494568,0
322,7.686014721345952,0.028987694531679153,0.97101229429245,0
323,7.709884332281809,0.02925608679652214,0.9707439541816711,0
324,7.733753943217666,0.02977783977985382,0.9702221751213074,0
325,7.757623554153523,0.038530584424734116,0.9614694118499756,0
326,7.78149316508938,0.12022698670625687,0.879772961139679,0
327,7.805362776025237,0.3069838583469391,0.6930161118507385,0
320,7.638275499474238,0.0723959282040596,0.9276040196418762,0
321,7.662145110410095,0.01382473111152649,0.9861752390861511,1
322,7.686014721345952,0.02133626490831375,0.9786636829376221,0
323,7.709884332281809,0.02925608679652214,0.9707439541816711,0
324,7.733753943217666,0.02977783977985382,0.9702221751213074,0
325,7.757623554153523,0.029940228909254074,0.9700597524642944,0
326,7.78149316508938,0.03013915941119194,0.969860851764679,0
327,7.805362776025237,0.030868997797369957,0.9691309928894043,0
328,7.8292323869610945,0.03159710019826889,0.9684029221534729,0
329,7.853101997896951,0.03162623569369316,0.968373715877533,0
330,7.876971608832808,0.030849639326334,0.9691503643989563,0
331,7.900841219768665,0.029894549399614334,0.9701055288314819,0
332,7.924710830704522,0.029561327770352364,0.9704387187957764,0
333,7.948580441640379,0.03875233978033066,0.9612476229667664,0
334,7.972450052576236,0.12353010475635529,0.8764699697494507,0
335,7.996319663512093,0.31308460235595703,0.686915397644043,0
328,7.8292323869610945,0.07409583777189255,0.9259040951728821,0
329,7.853101997896951,0.014554806053638458,0.9854452013969421,1
330,7.876971608832808,0.02267511561512947,0.9773248434066772,0
331,7.900841219768665,0.029894549399614334,0.9701055288314819,0
332,7.924710830704522,0.029561327770352364,0.9704387187957764,0
333,7.948580441640379,0.030012162402272224,0.9699878096580505,0
334,7.972450052576236,0.03067602962255478,0.9693239331245422,0
335,7.996319663512093,0.030608126893639565,0.9693918228149414,0
336,8.02018927444795,0.03011157363653183,0.96988844871521,0
337,8.044058885383807,0.029680725187063217,0.9703192710876465,0
338,8.067928496319665,0.02939010225236416,0.9706099629402161,0
339,8.09179810725552,0.02919047884643078,0.9708095192909241,0
340,8.115667718191379,0.029235122725367546,0.9707648158073425,0
341,8.139537329127235,0.03811686113476753,0.9618831276893616,0
342,8.163406940063092,0.12099885195493698,0.8790012001991272,0
343,8.187276550998948,0.3100403845310211,0.6899595856666565,0
336,8.02018927444795,0.073537178337574,0.9264628887176514,0
337,8.044058885383807,0.014194288291037083,0.9858056902885437,1
338,8.067928496319665,0.021814297884702682,0.978185772895813,0
339,8.09179810725552,0.02919047884643078,0.9708095192909241,0
340,8.115667718191379,0.029235122725367546,0.9707648158073425,0
341,8.139537329127235,0.029440876096487045,0.9705590605735779,0
342,8.163406940063092,0.029646560549736023,0.970353364944458,0
343,8.187276550998948,0.029773270711302757,0.9702267050743103,0
344,8.211146161934806,0.029824163764715195,0.9701758623123169,0
345,8.235015772870662,0.029731441289186478,0.9702685475349426,0
346,8.25888538380652,0.029515501111745834,0.9704844951629639,0
347,8.282754994742376,0.02935805544257164,0.9706419706344604,0
348,8.306624605678234,0.029382307082414627,0.9706177115440369,0
349,8.33049421661409,0.03833397850394249,0.9616660475730896,0
350,8.354363827549948,0.12193860113620758,0.8780614137649536,0
351,8.378233438485806,0.3118261396884918,0.6881738305091858,0
344,8.211146161934806,0.07353216409683228,0.926467776298523,0
345,8.235015772870662,0.014217231422662735,0.9857827425003052,1
346,8.25888538380652,0.021931979805231094,0.9780680537223816,0
347,8.282754994742376,0.02935805544257164,0.9706419706344604,0
348,8.306624605678234,0.029382307082414627,0.9706177115440369,0
349,8.33049421661409,0.02971080131828785,0.9702891707420349,0
350,8.354363827549948,0.030448507517576218,0.9695515036582947,0
351,8.378233438485806,0.03155309706926346,0.9684469699859619,0
352,8.402103049421662,0.03241410106420517,0.9675859212875366,0
353,8.42597266035752,0.03258736804127693,0.9674125909805298,0
354,8.449842271293376,0.03269397094845772,0.9673060774803162,0
355,8.473711882229233,0.03362048417329788,0.9663795232772827,0
356,8.49758149316509,0.03487741947174072,0.9651225805282593,0
357,8.521451104100947,0.04435911029577255,0.9556408524513245,0
358,8.545320715036803,0.13270282745361328,0.8672972321510315,0
359,8.569190325972661,0.32115796208381653,0.6788421273231506,0
352,8.402103049421662,0.07477497309446335,0.925225019454956,0
353,8.42597266035752,0.014861254021525383,0.9851387143135071,1
354,8.449842271293376,0.02398764342069626,0.9760124087333679,0
355,8.473711882229233,0.03362048417329788,0.9663795232772827,0
356,8.49758149316509,0.03487741947174072,0.9651225805282593,0
357,8.521451104100947,0.03530829772353172,0.964691698551178,0
358,8.545320715036803,0.03569668531417847,0.9643033742904663,0
359,8.569190325972661,0.0363311767578125,0.9636688232421875,0
360,8.593059936908517,0.03647273778915405,0.963527262210846,0
361,8.616929547844375,0.03580422326922417,0.964195728302002,0
362,8.640799158780231,0.034938994795084,0.9650609493255615,0
363,8.664668769716089,0.034434784203767776,0.9655652642250061,0
364,8.688538380651947,0.0338408388197422,0.9661591053009033,0
365,8.712407991587803,0.04271722584962845,0.9572827816009521,0
366,8.73627760252366,0.13118883967399597,0.8688111305236816,0
367,8.760147213459517,0.3239555358886719,0.6760444045066833,0
360,8.593059936908517,0.07574394345283508,0.9242560267448425,0
361,8.616929547844375,0.015424973331391811,0.9845750331878662,1
362,8.640799158780231,0.025265296921133995,0.9747347235679626,0
363,8.664668769716089,0.034434784203767776,0.9655652642250061,0
364,8.688538380651947,0.0338408388197422,0.9661591053009033,0
365,8.712407991587803,0.03400276601314545,0.9659972190856934,0
366,8.73627760252366,0.03630534186959267,0.9636946320533752,0
367,8.760147213459517,0.04117422178387642,0.9588258266448975,0
368,8.784016824395374,0.04492906481027603,0.955070972442627,0
369,8.80788643533123,0.04473979026079178,0.9552602171897888,0
370,8.831756046267088,0.04163514822721481,0.9583649039268494,0
371,8.855625657202944,0.039911653846502304,0.9600883722305298,0
372,8.879495268138802,0.040221281349658966,0.9597787261009216,0
373,8.903364879074658,0.05024748295545578,0.9497524499893188,0
374,8.927234490010516,0.14464707672595978,0.8553529381752014,0
375,8.951104100946372,0.33423855900764465,0.6657613515853882,0
368,8.784016824395374,0.0810447633266449,0.9189552664756775,0
369,8.80788643533123,0.017579246312379837,0.9824207425117493,1
370,8.831756046267088,0.029698196798563004,0.9703017473220825,0
371,8.855625657202944,0.039911653846502304,0.9600883722305298,0
372,8.879495268138802,0.040221281349658966,0.9597787261009216,0
373,8.903364879074658,0.040213409811258316,0.959786593914032,0
374,8.927234490010516,0.03865183889865875,0.9613481760025024,0
375,8.951104100946372,0.037126265466213226,0.9628737568855286,0
376,8.97497371188223,0.036997001618146896,0.9630029797554016,0
377,8.998843322818086,0.037003036588430405,0.9629969596862793,0
378,9.022712933753944,0.03663905709981918,0.9633609652519226,0
379,9.046582544689802,0.03670709580183029,0.9632928967475891,0
380,9.070452155625658,0.03843748942017555,0.9615625143051147,0
381,9.094321766561515,0.05139404907822609,0.9486059546470642,0
382,9.118191377497372,0.15957963466644287,0.8404203653335571,0
383,9.14206098843323,0.36516669392585754,0.6348333358764648,0
376,8.97497371188223,0.07819961756467819,0.9218003153800964,0
377,8.998843322818086,0.01619151048362255,0.9838084578514099,1
378,9.022712933753944,0.026735739782452583,0.973264217376709,0
379,9.046582544689802,0.03670709580183029,0.9632928967475891,0
380,9.070452155625658,0.03843748942017555,0.9615625143051147,0
381,9.094321766561515,0.04084586724638939,0.9591541886329651,0
382,9.118191377497372,0.042320381850004196,0.9576796293258667,0
383,9.14206098843323,0.04249688610434532,0.957503080368042,0
384,9.165930599369085,0.04369992017745972,0.9563000798225403,0
385,9.189800210304943,0.04725310951471329,0.9527469277381897,0
386,9.2136698212408,0.05057252570986748,0.9494275450706482,0
387,9.237539432176657,0.050904445350170135,0.949095606803894,0
388,9.261409043112513,0.05148269236087799,0.9485172629356384,0
389,9.285278654048371,0.06899102032184601,0.9310089945793152,0
390,9.309148264984227,0.20885823667049408,0.7911417484283447,0
391,9.333017875920085,0.4313965141773224,0.5686034560203552,0
384,9.165930599369085,0.08531882613897324,0.9146811962127686,0
385,9.189800210304943,0.020143084228038788,0.9798569083213806,0
386,9.2136698212408,0.03799660503864288,0.9620034098625183,0
387,9.237539432176657,0.050904445350170135,0.949095606803894,0
388,9.261409043112513,0.05148269236087799,0.9485172629356384,0
389,9.285278654048371,0.05661739781498909,0.9433826208114624,0
390,9.309148264984227,0.06374534964561462,0.9362546801567078,0
391,9.333017875920085,0.07060561329126358,0.9293944239616394,0
392,9.35688748685594,0.08023576438426971,0.9197641611099243,0
393,9.380757097791799,0.09392321109771729,0.9060767292976379,0
394,9.404626708727656,0.10230445116758347,0.8976956009864807,0
395,9.428496319663513,0.10089315474033356,0.8991068005561829,0
396,9.45236593059937,0.0895245298743248,0.9104755520820618,0
397,9.476235541535226,0.09413205087184906,0.9058679342269897,0
398,9.500105152471084,0.22929415106773376,0.7707058787345886,0
399,9.52397476340694,0.43799787759780884,0.5620021224021912,0
392,9.35688748685594,0.10538486391305923,0.8946151733398438,0
393,9.380757097791799,0.031735412776470184,0.968264639377594,0
394,9.404626708727656,0.07586249709129333,0.924137532711029,0
395,9.428496319663513,0.10089315474033356,0.8991068005561829,0
396,9.45236593059937,0.0895245298743248,0.9104755520820618,0
397,9.476235541535226,0.08324762433767319,0.9167523980140686,0
398,9.500105152471084,0.08186860382556915,0.9181313514709473,0
399,9.52397476340694,0.0774688571691513,0.9225311279296875,0
400,9.547844374342798,0.07038109004497528,0.9296189546585083,0
401,9.571713985278654,0.06620864570140839,0.9337913393974304,0
402,9.595583596214512,0.06962071359157562,0.930379331111908,0
403,9.619453207150368,0.070217564702034,0.9297824501991272,0
404,9.643322818086226,0.06514128297567368,0.9348587393760681,0
405,9.667192429022082,0.06990905106067657,0.9300910234451294,0
406,9.69106203995794,0.18291713297367096,0.8170828223228455,0
407,9.714931650893796,0.3868682384490967,0.6131318211555481,0
400,9.547844374342798,0.08928069472312927,0.9107192754745483,0
401,9.571713985278654,0.02266470529139042,0.9773353338241577,0
402,9.595583596214512,0.050556086003780365,0.9494439363479614,0
403,9.619453207150368,0.070217564702034,0.9297824501991272,0
404,9.643322818086226,0.06514128297567368,0.9348587393760681,0
405,9.667192429022082,0.059557996690273285,0.9404419660568237,0
406,9.69106203995794,0.05929062142968178,0.9407093524932861,0
407,9.714931650893796,0.05878030136227608,0.941219687461853,0
408,9.738801261829654,0.054278664290905,0.9457213282585144,0
409,9.762670872765511,0.04867782071232796,0.9513221979141235,0
410,9.786540483701367,0.04587255418300629,0.9541274309158325,0
411,9.810410094637225,0.0429084487259388,0.9570915699005127,0
412,9.834279705573081,0.0386626161634922,0.9613373875617981,0
413,9.858149316508939,0.04304889217019081,0.9569511413574219,0
414,9.882018927444795,0.12289681285619736,0.8771032094955444,0
415,9.905888538380653,0.3049464523792267,0.6950535178184509,0
408,9.738801261829654,0.07994013279676437,0.920059859752655,0
409,9.762670872765511,0.017578184604644775,0.9824218153953552,1
410,9.786540483701367,0.03239632397890091,0.9676036834716797,0
411,9.810410094637225,0.0429084487259388,0.9570915699005127,0
412,9.834279705573081,0.0386626161634922,0.9613373875617981,0
413,9.858149316508939,0.034207794815301895,0.965792179107666,0
414,9.882018927444795,0.03279294818639755,0.9672070741653442,0
415,9.905888538380653,0.033627789467573166,0.9663721323013306,0
416,9.929758149316509,0.03494152054190636,0.9650585055351257,0
417,9.953627760252367,0.035431280732154846,0.9645686745643616,0
418,9.977497371188223,0.035926803946495056,0.9640731811523438,0
419,10.00136698212408,0.037510309368371964,0.9624897241592407,0
420,10.025236593059937,0.038956206291913986,0.9610437750816345,0
421,10.049106203995795,0.04755353927612305,0.9524464011192322,0
422,10.072975814931652,0.13538293540477753,0.8646170496940613,0
423,10.096845425867508,0.3215511739253998,0.6784488558769226,0
416,9.929758149316509,0.07541128247976303,0.924588680267334,0
417,9.953627760252367,0.015588841401040554,0.9844111204147339,1
418,9.977497371188223,0.026356667280197144,0.9736433029174805,0
419,10.00136698212408,0.037510309368371964,0.9624897241592407,0
420,10.025236593059937,0.038956206291913986,0.9610437750816345,0
421,10.049106203995795,0.039118941873311996,0.9608810544013977,0
422,10.072975814931652,0.039624348282814026,0.9603756666183472,0
423,10.096845425867508,0.040799520909786224,0.9592004418373108,0
424,10.120715036803366,0.04019893705844879,0.9598011374473572,0
425,10.144584647739222,0.03657640516757965,0.9634235501289368,0
426,10.16845425867508,0.03325720503926277,0.9667428135871887,0
427,10.192323869610936,0.03331046551465988,0.9666895270347595,0
428,10.216193480546794,0.035915642976760864,0.9640843868255615,0
429,10.24006309148265,0.04693590849637985,0.9530640840530396,0
430,10.263932702418508,0.1361800581216812,0.8638198971748352,0
431,10.287802313354364,0.32161614298820496,0.6783838868141174,0
424,10.120715036803366,0.0748956948518753,0.9251043200492859,0
425,10.144584647739222,0.014922603033483028,0.985077440738678,1
426,10.16845425867508,0.023787347599864006,0.9762126803398132,0
427,10.192323869610936,0.03331046551465988,0.9666895270347595,0
428,10.216193480546794,0.035915642976760864,0.9640843868255615,0
429,10.24006309148265,0.038292475044727325,0.9617074728012085,0
430,10.263932702418508,0.03888896852731705,0.9611110687255859,0
431,10.287802313354364,0.03922562301158905,0.9607744216918945,0
432,10.311671924290222,0.0400286465883255,0.9599713683128357,0
433,10.335541535226078,0.04014892876148224,0.959851086139679,0
434,10.359411146161936,0.03790251165628433,0.9620975255966187,0
435,10.383280757097792,0.03389555960893631,0.9661045074462891,0
436,10.40715036803365,0.03200167790055275,0.9679983854293823,0
437,10.431019978969507,0.04164418578147888,0.9583557844161987,0
438,10.454889589905363,0.1304849088191986,0.8695151209831238,0
439,10.478759200841221,0.32006317377090454,0.6799367666244507,0
432,10.311671924290222,0.0789659395813942,0.9210340976715088,0
433,10.335541535226078,0.016730429604649544,0.9832695722579956,1
434,10.359411146161936,0.027156654745340347,0.9728432893753052,0
435,10.383280757097792,0.03389555960893631,0.9661045074462891,0
436,10.40715036803365,0.03200167790055275,0.9679983854293823,0
437,10.431019978969507,0.03310856595635414,0.9668914675712585,0
438,10.454889589905363,0.03542548790574074,0.9645744562149048,0
439,10.478759200841221,0.03628074750304222,0.9637193083763123,0
440,10.502628811777077,0.03577640652656555,0.9642235636711121,0
441,10.526498422712935,0.03479277715086937,0.9652072191238403,0
442,10.550368033648791,0.034046098589897156,0.9659538865089417,0
443,10.574237644584649,0.0330016165971756,0.9669983386993408,0
444,10.598107255520505,0.03197011351585388,0.9680298566818237,0
445,10.621976866456363,0.03919901326298714,0.9608009457588196,0
446,10.645846477392219,0.11948880553245544,0.8805111646652222,0
447,10.669716088328077,0.3042775094509125,0.6957224607467651,0
440,10.502628811777077,0.07514424622058868,0.9248557090759277,0
441,10.526498422712935,0.015138802118599415,0.9848611354827881,1
442,10.550368033648791,0.024506859481334686,0.9754931330680847,0
443,10.574237644584649,0.0330016165971756,0.9669983386993408,0
444,10.598107255520505,0.03197011351585388,0.9680298566818237,0
445,10.621976866456363,0.03056027926504612,0.969439685344696,0
446,10.645846477392219,0.02998584322631359,0.970014214515686,0
447,10.669716088328077,0.03029402159154415,0.9697059392929077,0
448,10.693585699263933,0.031122781336307526,0.9688772559165955,0
449,10.71745531019979,0.03132633864879608,0.9686736464500427,0
450,10.741324921135647,0.030784323811531067,0.9692156314849854,0
451,10.765194532071504,0.029950207099318504,0.9700497388839722,0
452,10.789064143007362,0.02926669828593731,0.9707332849502563,0
453,10.812933753943218,0.03721785917878151,0.9627821445465088,0
454,10.836803364879076,0.11440368741750717,0.8855962753295898,0
455,10.860672975814932,0.2960112392902374,0.703988790512085,0
448,10.693585699263933,0.07453545182943344,0.9254645705223083,0
449,10.71745531019979,0.014537668786942959,0.9854623079299927,1
450,10.741324921135647,0.02250940352678299,0.9774905443191528,0
451,10.765194532071504,0.029950207099318504,0.9700497388839722,0
452,10.789064143007362,0.02926669828593731,0.9707332849502563,0
453,10.812933753943218,0.028769833967089653,0.971230149269104,0
454,10.836803364879076,0.0287365410476923,0.9712634086608887,0
455,10.860672975814932,0.02900255098938942,0.9709974527359009,0
456,10.88454258675079,0.0295531265437603,0.9704468846321106,0
457,10.908412197686646,0.03022143617272377,0.9697785973548889,0
458,10.932281808622504,0.03084799461066723,0.96915203332901,0
459,10.95615141955836,0.03063199110329151,0.9693679809570312,0
460,10.980021030494218,0.02975941263139248,0.970240592956543,0
461,11.003890641430074,0.03782368823885918,0.9621763229370117,0
462,11.027760252365931,0.11795985698699951,0.8820402026176453,0
463,11.051629863301788,0.3048781454563141,0.6951218247413635,0
456,10.88454258675079,0.07410285621881485,0.9258971810340881,0
457,10.908412197686646,0.014626193791627884,0.9853737354278564,1
458,10.932281808622504,0.022823365405201912,0.9771766066551208,0
459,10.95615141955836,0.03063199110329151,0.9693679809570312,0
460,10.980021030494218,0.02975941263139248,0.970240592956543,0
461,11.003890641430074,0.029241038486361504,0.9707589745521545,0
462,11.027760252365931,0.029862921684980392,0.9701370000839233,0
463,11.051629863301788,0.031162353232502937,0.9688376188278198,0
464,11.075499474237645,0.032084088772535324,0.967915952205658,0
465,11.099369085173501,0.032558783888816833,0.967441201210022,0
466,11.12323869610936,0.03258059173822403,0.967419445514679,0
467,11.147108307045217,0.03201717138290405,0.967982828617096,0
468,11.170977917981073,0.03066280111670494,0.9693371653556824,0
469,11.194847528916931,0.03864622488617897,0.9613538384437561,0
470,11.218717139852787,0.11946626752614975,0.880533754825592,0
471,11.242586750788645,0.3069519102573395,0.6930480599403381,0
464,11.075499474237645,0.07579603046178818,0.9242039918899536,0
465,11.099369085173501,0.015335172414779663,0.9846648573875427,1
466,11.12323869610936,0.024112727493047714,0.9758872985839844,0
467,11.147108307045217,0.03201717138290405,0.967982828617096,0
468,11.170977917981073,0.03066280111670494,0.9693371653556824,0
469,11.194847528916931,0.02999093569815159,0.9700090289115906,0
470,11.218717139852787,0.03040969930589199,0.9695902466773987,0
471,11.242586750788645,0.03152283653616905,0.9684771299362183,0
472,11.2664563617245,0.03227566182613373,0.9677243232727051,0
473,11.290325972660359,0.03338278830051422,0.966617226600647,0
474,11.314195583596215,0.0354907400906086,0.9645092487335205,0
475,11.338065194532073,0.03744962438941002,0.9625503420829773,0
476,11.361934805467929,0.03813697770237923,0.961863100528717,0
477,11.385804416403786,0.04545324668288231,0.9545466899871826,0
478,11.409674027339642,0.12568989396095276,0.8743101358413696,0
479,11.4335436382755,0.3026721179485321,0.6973278522491455,0
472,11.2664563617245,0.07590900361537933,0.9240909814834595,0
473,11.290325972660359,0.015719134360551834,0.9842808246612549,1
474,11.314195583596215,0.026349719613790512,0.973650336265564,0
475,11.338065194532073,0.03744962438941002,0.9625503420829773,0
476,11.361934805467929,0.03813697770237923,0.961863100528717,0
477,11.385804416403786,0.03604868799448013,0.9639512896537781,0
478,11.409674027339642,0.03262121230363846,0.9673787951469421,0
479,11.4335436382755,0.030357567593455315,0.9696424007415771,0
480,11.457413249211358,0.03021429479122162,0.969785749912262,0
481,11.481282860147214,0.0313037633895874,0.9686962366104126,0
482,11.505152471083072,0.03205180913209915,0.9679481983184814,0
483,11.529022082018928,0.03222369775176048,0.967776358127594,0
484,11.552891692954786,0.03155205398797989,0.9684479236602783,0
485,11.576761303890642,0.038979534059762955,0.9610204100608826,0
486,11.6006309148265,0.11624899506568909,0.8837510347366333,0
487,11.624500525762356,0.29812636971473694,0.7018736004829407,0
480,11.457413249211358,0.07514090836048126,0.9248591065406799,0
481,11.481282860147214,0.015031046234071255,0.984968900680542,1
482,11.505152471083072,0.02367647923529148,0.9763235449790955,0
483,11.529022082018928,0.03222369775176048,0.967776358127594,0
484,11.552891692954786,0.03155205398797989,0.9684479236602783,0
485,11.576761303890642,0.03026736155152321,0.9697326421737671,0
486,11.6006309148265,0.029512954875826836,0.970487117767334,0
487,11.624500525762356,0.02999849244952202,0.9700015187263489,0
488,11.648370136698214,0.030886143445968628,0.9691138863563538,0
489,11.67223974763407,0.031151607632637024,0.9688483476638794,0
490,11.696109358569927,0.030742665752768517,0.9692572951316833,0
491,11.719978969505783,0.03029056079685688,0.9697093963623047,0
492,11.743848580441641,0.02981366403400898,0.9701862931251526,0
493,11.767718191377497,0.03783753514289856,0.9621624946594238,0
494,11.791587802313355,0.11580710858106613,0.8841928243637085,0
495,11.815457413249213,0.2980945110321045,0.7019054293632507,0
488,11.648370136698214,0.07441593706607819,0.9255840182304382,0
489,11.67223974763407,0.014635453931987286,0.9853644967079163,1
490,11.696109358569927,0.022605735808610916,0.9773942232131958,0
491,11.719978969505783,0.03029056079685688,0.9697093963623047,0
492,11.743848580441641,0.02981366403400898,0.9701862931251526,0
493,11.767718191377497,0.029245903715491295,0.9707540273666382,0
494,11.791587802313355,0.029102033004164696,0.9708979725837708,0
495,11.815457413249213,0.029627172276377678,0.9703727960586548,0
496,11.839327024185069,0.030811568722128868,0.9691884517669678,0
497,11.863196635120927,0.031767338514328,0.9682326316833496,0
498,11.887066246056783,0.03178217262029648,0.9682177901268005,0
499,11.91093585699264,0.03089856170117855,0.9691014289855957,0
500,11.934805467928497,0.03022599034011364,0.9697740077972412,0
501,11.958675078864355,0.039252761751413345,0.960747241973877,0
502,11.98254468980021,0.12100566178560257,0.878994345664978,0
503,12.006414300736068,0.3061525225639343,0.6938474774360657,0
496,11.839327024185069,0.07487596571445465,0.9251239895820618,0
497,11.863196635120927,0.014944236725568771,0.9850558042526245,1
498,11.887066246056783,0.023311186581850052,0.976688802242279,0
499,11.91093585699264,0.03089856170117855,0.9691014289855957,0
500,11.934805467928497,0.03022599034011364,0.9697740077972412,0
501,11.958675078864355,0.030510419979691505,0.9694895148277283,0
502,11.98254468980021,0.03134426474571228,0.9686557054519653,0
503,12.006414300736068,0.032050102949142456,0.9679498672485352,0
504,12.030283911671924,0.032247643917798996,0.9677523374557495,0
505,12.054153522607782,0.03272880241274834,0.9672711491584778,0
506,12.078023133543638,0.0333993099629879,0.9666006565093994,0
507,12.101892744479496,0.03427983820438385,0.9657201170921326,0
508,12.125762355415352,0.035397402942180634,0.9646026492118835,0
509,12.14963196635121,0.04566202685236931,0.954338014125824,0
510,12.173501577287068,0.13382601737976074,0.8661739230155945,0
511,12.197371188222924,0.32116401195526123,0.6788359880447388,0
504,12.030283911671924,0.07523827254772186,0.9247617125511169,0
505,12.054153522607782,0.015215527266263962,0.9847844839096069,1
506,12.078023133543638,0.024601053446531296,0.9753988981246948,0
507,12.101892744479496,0.03427983820438385,0.9657201170921326,0
508,12.125762355415352,0.035397402942180634,0.9646026492118835,0
509,12.14963196635121,0.0366576611995697,0.9633423686027527,0
510,12.173501577287068,0.03741581365466118,0.9625841379165649,0
511,12.197371188222924,0.03692039102315903,0.963079571723938,0
512,12.221240799158782,0.035904109477996826,0.9640958905220032,0
513,12.245110410094638,0.034852929413318634,0.9651471376419067,0
514,12.268980021030496,0.033436451107263565,0.9665635824203491,0
515,12.292849631966352,0.03181162104010582,0.9681884050369263,0
516,12.31671924290221,0.030766872689127922,0.9692330956459045,0
517,12.340588853838065,0.03878384828567505,0.9612160921096802,0
518,12.364458464773923,0.11594521999359131,0.8840547204017639,0
519,12.38832807570978,0.29595473408699036,0.704045295715332,0
512,12.221240799158782,0.07707808911800385,0.922921895980835,0
513,12.245110410094638,0.01576559990644455,0.9842343926429749,1
514,12.268980021030496,0.02444981038570404,0.9755502343177795,0
515,12.292849631966352,0.03181162104010582,0.9681884050369263,0
516,12.31671924290221,0.030766872689127922,0.9692330956459045,0
517,12.340588853838065,0.029972348362207413,0.9700276255607605,0
518,12.364458464773923,0.02888227254152298,0.9711177349090576,0
519,12.38832807570978,0.028011798858642578,0.9719882011413574,0
520,12.412197686645637,0.027748126536607742,0.9722518920898438,0
521,12.436067297581493,0.027757108211517334,0.9722428917884827,0
522,12.459936908517351,0.027775613591074944,0.9722244143486023,0
523,12.483806519453207,0.02780928462743759,0.9721907377243042,0
524,12.507676130389065,0.027882110327482224,0.9721178412437439,0
525,12.531545741324923,0.0364273265004158,0.96357262134552,0
526,12.555415352260779,0.11338101327419281,0.886618971824646,0
527,12.579284963196637,0.29561322927474976,0.7043867707252502,0
520,12.412197686645637,0.07256051898002625,0.9274394512176514,0
521,12.436067297581493,0.013860532082617283,0.9861394166946411,1
522,12.459936908517351,0.0207669697701931,0.9792330861091614,0
523,12.483806519453207,0.02780928462743759,0.9721907377243042,0
524,12.507676130389065,0.027882110327482224,0.9721178412437439,0
525,12.531545741324923,0.027957942336797714,0.9720420241355896,0
526,12.555415352260779,0.02803066186606884,0.9719693660736084,0
527,12.579284963196637,0.028099684044718742,0.9719003438949585,0
528,12.603154574132493,0.028171930462121964,0.971828043460846,0
529,12.62702418506835,0.02822960540652275,0.9717704057693481,0
530,12.650893796004206,0.02819320373237133,0.9718067646026611,0
531,12.674763406940064,0.02812451496720314,0.9718754887580872,0
532,12.69863301787592,0.02807738445699215,0.9719226360321045,0
533,12.722502628811778,0.03661774843931198,0.9633823037147522,0
534,12.746372239747634,0.11407192051410675,0.8859280347824097,0
535,12.770241850683492,0.29714202880859375,0.7028579711914062,0
528,12.603154574132493,0.07288388907909393,0.9271161556243896,0
529,12.62702418506835,0.013980752788484097,0.9860192537307739,1
530,12.650893796004206,0.021004367619752884,0.9789956212043762,0
531,12.674763406940064,0.02812451496720314,0.9718754887580872,0
532,12.69863301787592,0.02807738445699215,0.9719226360321045,0
533,12.722502628811778,0.028091246262192726,0.9719088077545166,0
534,12.746372239747634,0.028128262609243393,0.9718717336654663,0
535,12.770241850683492,0.02816484309732914,0.9718351364135742,0
536,12.794111461619348,0.02815740369260311,0.9718425869941711,0
537,12.817981072555206,0.028120044618844986,0.9718799591064453,0
538,12.841850683491062,0.028044985607266426,0.9719549417495728,0
539,12.86572029442692,0.02797013334929943,0.9720298647880554,0
540,12.889589905362778,0.027911441400647163,0.9720885753631592,0
541,12.913459516298634,0.036367371678352356,0.9636326432228088,0
542,12.937329127234491,0.11324887722730637,0.886751115322113,0
543,12.961198738170348,0.2956691086292267,0.7043309211730957,0
536,12.794111461619348,0.07281963527202606,0.9271804094314575,0
537,12.817981072555206,0.01393898669630289,0.9860609769821167,1
538,12.841850683491062,0.020929554477334023,0.9790704250335693,0
539,12.86572029442692,0.02797013334929943,0.9720298647880554,0
540,12.889589905362778,0.027911441400647163,0.9720885753631592,0
541,12.913459516298634,0.02787257544696331,0.9721274375915527,0
542,12.937329127234491,0.02786419168114662,0.9721358418464661,0
543,12.961198738170348,0.027861712500452995,0.9721383452415466,0
544,12.985068349106205,0.027858508750796318,0.9721415042877197,0
545,13.008937960042061,0.027846243232488632,0.9721537828445435,0
546,13.03280757097792,0.027841350063681602,0.9721586108207703,0
547,13.056677181913775,0.027835668995976448,0.9721643924713135,0
548,13.080546792849633,0.02783358283340931,0.9721664190292358,0
549,13.104416403785489,0.03631279245018959,0.9636871814727783,0
550,13.128286014721347,0.11307831853628159,0.8869216442108154,0
551,13.152155625657203,0.2953750491142273,0.7046249508857727,0
544,12.985068349106205,0.07264579832553864,0.9273542165756226,0
545,13.008937960042061,0.013873456977307796,0.9861266016960144,1
546,13.03280757097792,0.020802747458219528,0.9791973233222961,0
547,13.056677181913775,0.027835668995976448,0.9721643924713135,0
548,13.080546792849633,0.02783358283340931,0.9721664190292358,0
549,13.104416403785489,0.027829261496663094,0.9721707701683044,0
550,13.128286014721347,0.027824783697724342,0.9721751809120178,0
551,13.152155625657203,0.027816854417324066,0.9721831679344177,0
552,13.17602523659306,0.02780572511255741,0.9721941947937012,0
553,13.199894847528919,0.02779729664325714,0.9722026586532593,0
554,13.223764458464775,0.027798470109701157,0.9722015261650085,0
555,13.247634069400632,0.02780020982027054,0.9721997380256653,0
556,13.271503680336489,0.027802279219031334,0.9721977114677429,0
557,13.295373291272346,0.036280594766139984,0.9637194275856018,0
558,13.319242902208202,0.11300681531429291,0.8869931101799011,0
559,13.34311251314406,0.2952873706817627,0.7047126293182373,0
552,13.17602523659306,0.07263341546058655,0.9273666143417358,0
553,13.199894847528919,0.013866444118320942,0.9861335158348083,1
554,13.223764458464775,0.02078520692884922,0.9792147874832153,0
555,13.247634069400632,0.02780020982027054,0.9721997380256653,0
556,13.271503680336489,0.027802279219031334,0.9721977114677429,0
557,13.295373291272346,0.02780037745833397,0.9721996188163757,0
558,13.319242902208202,0.027797618880867958,0.9722023606300354,0
559,13.34311251314406,0.027795245870947838,0.9722046852111816,0
560,13.366982124079916,0.027829518541693687,0.9721704721450806,0
561,13.390851735015774,0.027914727106690407,0.9720852971076965,0
562,13.41472134595163,0.02803873084485531,0.971961259841919,0
563,13.438590956887488,0.028091635555028915,0.9719083309173584,0
564,13.462460567823344,0.028044668957591057,0.9719552993774414,0
565,13.486330178759202,0.036497753113508224,0.9635022282600403,0
566,13.510199789695058,0.11342810839414597,0.8865719437599182,0
567,13.534069400630916,0.2958514392375946,0.7041485905647278,0
560,13.366982124079916,0.07278710603713989,0.9272128939628601,0
561,13.390851735015774,0.013948434963822365,0.9860515594482422,1
562,13.41472134595163,0.020977964624762535,0.9790219664573669,0
563,13.438590956887488,0.028091635555028915,0.9719083309173584,0
564,13.462460567823344,0.028044668957591057,0.9719552993774414,0
565,13.486330178759202,0.027960631996393204,0.9720393419265747,0
566,13.510199789695058,0.02790536731481552,0.9720946550369263,0
567,13.534069400630916,0.027914267033338547,0.97208571434021,0
568,13.557939011566774,0.027921311557292938,0.9720786213874817,0
569,13.58180862250263,0.027909215539693832,0.9720907807350159,0
570,13.605678233438487,0.027886154130101204,0.9721139073371887,0
571,13.629547844374343,0.027868248522281647,0.9721317887306213,0
572,13.653417455310201,0.027834558859467506,0.9721654653549194,0
573,13.677287066246057,0.03622233495116234,0.9637776613235474,0
574,13.701156677181915,0.11252769082784653,0.8874722719192505,0
575,13.725026288117771,0.29412826895713806,0.7058717608451843,0
568,13.557939011566774,0.07264653593301773,0.9273535013198853,0
569,13.58180862250263,0.013882017694413662,0.9861180186271667,1
570,13.605678233438487,0.020827826112508774,0.9791721701622009,0
571,13.629547844374343,0.027868248522281647,0.9721317887306213,0
572,13.653417455310201,0.027834558859467506,0.9721654653549194,0
573,13.677287066246057,0.02774764411151409,0.972252368927002,0
574,13.701156677181915,0.027694443240761757,0.9723055362701416,0
575,13.725026288117771,0.027659785002470016,0.9723402857780457,0
576,13.748895899053629,0.027651987969875336,0.9723480343818665,0
577,13.772765509989485,0.02764146402478218,0.9723585247993469,0
578,13.796635120925343,0.027638938277959824,0.9723610281944275,0
579,13.820504731861199,0.027642298489809036,0.9723577499389648,0
580,13.844374342797057,0.027649223804473877,0.9723507761955261,0
581,13.868243953732913,0.03609110787510872,0.9639089107513428,0
582,13.89211356466877,0.11231585592031479,0.887684166431427,0
583,13.915983175604628,0.2939251959323883,0.7060748338699341,0
576,13.748895899053629,0.07247710227966309,0.9275228977203369,0
577,13.772765509989485,0.013809695839881897,0.9861903190612793,1
578,13.796635120925343,0.020665869116783142,0.9793341159820557,0
579,13.820504731861199,0.027642298489809036,0.9723577499389648,0
580,13.844374342797057,0.027649223804473877,0.9723507761955261,0
581,13.868243953732913,0.027653487399220467,0.9723464846611023,0
582,13.89211356466877,0.027652159333229065,0.9723477959632874,0
583,13.915983175604628,0.027649834752082825,0.9723501801490784,0
584,13.939852786540484,0.02764238603413105,0.9723576307296753,0
585,13.963722397476342,0.027632122859358788,0.9723678827285767,0
586,13.987592008412198,0.02762305736541748,0.9723768830299377,0
587,14.011461619348056,0.02760430984199047,0.9723957180976868,0
588,14.035331230283912,0.02757217548787594,0.9724278450012207,0
589,14.05920084121977,0.03595399856567383,0.964046061038971,0
590,14.083070452155626,0.11171723157167435,0.888282835483551,0
591,14.106940063091484,0.2926507592201233,0.7073493003845215,0
584,13.939852786540484,0.07244925200939178,0.9275507926940918,0
585,13.963722397476342,0.013808805495500565,0.9861911535263062,1
586,13.987592008412198,0.02065241150557995,0.9793476462364197,0
587,14.011461619348056,0.02760430984199047,0.9723957180976868,0
588,14.035331230283912,0.02757217548787594,0.9724278450012207,0
589,14.05920084121977,0.02754625864326954,0.972453773021698,0
590,14.083070452155626,0.027548406273126602,0.9724516272544861,0
591,14.106940063091484,0.02759481966495514,0.972405195236206,0
592,14.13080967402734,0.0277280081063509,0.9722719788551331,0
593,14.154679284963198,0.02793244644999504,0.9720675945281982,0
594,14.178548895899054,0.028151879087090492,0.9718481302261353,0
595,14.202418506834912,0.028326809406280518,0.9716731905937195,0
596,14.226288117770768,0.0283973291516304,0.971602737903595,0
597,14.250157728706625,0.03683951869606972,0.963160514831543,0
598,14.274027339642483,0.1137467548251152,0.8862531781196594,0
599,14.29789695057834,0.29514965415000916,0.704850435256958,0
592,14.13080967402734,0.07257743179798126,0.9274225831031799,0
593,14.154679284963198,0.013945712707936764,0.9860542416572571,1
594,14.178548895899054,0.021035825833678246,0.9789642095565796,0
595,14.202418506834912,0.028326809406280518,0.9716731905937195,0
596,14.226288117770768,0.0283973291516304,0.971602737903595,0
597,14.250157728706625,0.02835722826421261,0.971642792224884,0
598,14.274027339642483,0.02826635353267193,0.9717336297035217,0
599,14.29789695057834,0.02814660780131817,0.9718533754348755,0
600,14.321766561514197,0.027963854372501373,0.9720361828804016,0
601,14.345636172450053,0.027729595080018044,0.9722703695297241,0
602,14.369505783385911,0.027545863762497902,0.9724541306495667,0
603,14.393375394321767,0.02747378498315811,0.9725261330604553,0
604,14.417245005257625,0.027474015951156616,0.972525954246521,0
605,14.441114616193481,0.03584716096520424,0.9641528725624084,0
606,14.464984227129339,0.11147121340036392,0.8885287642478943,0
607,14.488853838065195,0.2922638952732086,0.7077361345291138,0
600,14.321766561514197,0.07221248745918274,0.9277875423431396,0
601,14.345636172450053,0.013768506236374378,0.9862315058708191,1
602,14.369505783385911,0.020551089197397232,0.9794489145278931,0
603,14.393375394321767,0.02747378498315811,0.9725261330604553,0
604,14.417245005257625,0.027474015951156616,0.972525954246521,0
605,14.441114616193481,0.02747422829270363,0.9725258350372314,0
606,14.464984227129339,0.02747485600411892,0.9725251197814941,0
607,14.488853838065195,0.027474895119667053,0.9725251197814941,0
608,14.512723449001053,0.02747446298599243,0.9725255966186523,0
609,14.536593059936909,0.027473365887999535,0.9725266098976135,0
610,14.560462670872766,0.02749081887304783,0.9725091457366943,0
611,14.584332281808624,0.027584368363022804,0.9724156856536865,0
612,14.60820189274448,0.02780662663280964,0.9721933007240295,0
613,14.632071503680338,0.03648753836750984,0.9635124206542969,0
614,14.655941114616194,0.11375018209218979,0.886249840259552,0
615,14.679810725552052,0.295657217502594,0.704342782497406,0
608,14.512723449001053,0.07221219688653946,0.9277877807617188,0
609,14.536593059936909,0.013768209144473076,0.9862318634986877,1
610,14.560462670872766,0.020564565435051918,0.9794354438781738,0
611,14.584332281808624,0.027584368363022804,0.9724156856536865,0
612,14.60820189274448,0.02780662663280964,0.9721933007240295,0
613,14.632071503680338,0.02809467539191246,0.9719052910804749,0
614,14.655941114616194,0.02834993228316307,0.9716501235961914,0
615,14.679810725552052,0.028499215841293335,0.9715007543563843,0
616,14.703680336487908,0.0284853707998991,0.9715145826339722,0
617,14.727549947423766,0.028414836153388023,0.9715851545333862,0
618,14.751419558359622,0.028282461687922478,0.9717175364494324,0
619,14.77528916929548,0.028183596208691597,0.97181636095047,0
620,14.799158780231336,0.028017720207571983,0.9719823598861694,0
621,14.823028391167194,0.036287713795900345,0.9637123346328735,0
622,14.84689800210305,0.11196359992027283,0.8880364298820496,0
623,14.870767613038907,0.2922399342060089,0.7077600955963135,0
616,14.703680336487908,0.07271406054496765,0.9272859692573547,0
617,14.727549947423766,0.013971191830933094,0.9860288500785828,1
618,14.751419558359622,0.02103780023753643,0.978962242603302,0
619,14.77528916929548,0.028183596208691597,0.97181636095047,0
620,14.799158780231336,0.028017720207571983,0.9719823598861694,0
621,14.823028391167194,0.027836086228489876,0.9721639156341553,0
622,14.84689800210305,0.027636978775262833,0.9723630547523499,0
623,14.870767613038907,0.02748916856944561,0.972510814666748,0
624,14.894637223974764,0.027425870299339294,0.9725740551948547,0
625,14.918506834910621,0.027409061789512634,0.972590982913971,0
626,14.94237644584648,0.027408985421061516,0.972590982913971,0
627,14.966246056782335,0.027408935129642487,0.9725911021232605,0
628,14.990115667718193,0.027409518137574196,0.972590446472168,0
629,15.013985278654049,0.03576670587062836,0.9642332792282104,0
630,15.037854889589907,0.11117428541183472,0.8888257145881653,0
631,15.061724500525763,0.2917354702949524,0.7082645297050476,0
624,14.894637223974764,0.0721416100859642,0.9278583526611328,0
625,14.918506834910621,0.013751216232776642,0.986248791217804,1
626,14.94237644584648,0.020511912181973457,0.9794880747795105,0
627,14.966246056782335,0.027408935129642487,0.9725911021232605,0
628,14.990115667718193,0.027409518137574196,0.972590446472168,0
629,15.013985278654049,0.02740981988608837,0.9725902080535889,0
630,15.037854889589907,0.027438988909125328,0.9725610017776489,0
631,15.061724500525763,0.0276291836053133,0.9723708033561707,0
632,15.08559411146162,0.027893319725990295,0.9721066951751709,0
633,15.109463722397477,0.028001796454191208,0.9719982147216797,0
633,15.109463722397477,0.027819372713565826,0.9721806049346924,0
633,15.109463722397477,0.027582507580518723,0.9724174737930298,0
633,15.109463722397477,0.0274489913135767,0.9725509881973267,0
633,15.109463722397477,0.035827651619911194,0.96417236328125,0
633,15.109463722397477,0.11118537932634354,0.8888146877288818,0
633,15.109463722397477,0.29141300916671753,0.7085869312286377,0
632,15.08559411146162,0.07283703237771988,0.9271629452705383,0
633,15.109463722397477,0.013963914476335049,0.9860360622406006,1
633,15.109463722397477,0.020768342539668083,0.9792317152023315,0
633,15.109463722397477,0.027582507580518723,0.9724174737930298,0
633,15.109463722397477,0.0274489913135767,0.9725509881973267,0
633,15.109463722397477,0.0274489913135767,0.9725509881973267,0
633,15.109463722397477,0.0274489913135767,0.9725509881973267,0
633,15.109463722397477,0.0274489913135767,0.9725509881973267,0
633,15.109463722397477,0.0274489913135767,0.9725509881973267,0
633,15.109463722397477,0.0274489913135767,0.9725509881973267,0
633,15.109463722397477,0.0274489913135767,0.9725509881973267,0
633,15.109463722397477,0.0274489913135767,0.9725509881973267,0
633,15.109463722397477,0.0274489913135767,0.9725509881973267,0
633,15.109463722397477,0.035827651619911194,0.96417236328125,0
633,15.109463722397477,0.11118537932634354,0.8888146877288818,0
633,15.109463722397477,0.29141300916671753,0.7085869312286377,0
